Class,Precision,Recall,F1-Score,Support
Sleeping Disorder,0.8356164383561644,0.7721518987341772,0.8026315789473685,79.0
Concentration Problem,1.0,0.6666666666666666,0.8,66.0
Eating Disorder,0.868421052631579,0.717391304347826,0.7857142857142857,92.0
Self-Harm,0.7575757575757576,0.6172839506172839,0.6802721088435374,81.0
Feeling Down,0.8050314465408805,0.5871559633027523,0.6790450928381963,218.0
Lack of Interest,0.88,0.30985915492957744,0.4583333333333333,71.0
Low Self-Esteem,0.74,0.32456140350877194,0.45121951219512196,114.0
Lack of Energy,0.0,0.0,0.0,0.0
